Instance,Difficulty,Class,n,Capacity,TotalWeight,TotalProfit,Method,Value,Time(ms),Nodes,Optimal,OptimalKnown,Gap(%)
00Uncorrelated_n00050_R01000_s000,facile,Unknown,50,14778,29853,28763,Complete_MIP_ORTools,20995,52.216291427612305,2,true,-1,-1.0
00Uncorrelated_n00050_R01000_s000,facile,Unknown,50,14778,29853,28763,Complete_MIP_PuLP,20995,116.59479141235352,-1,true,-1,-1.0
00Uncorrelated_n00050_R01000_s000,facile,Unknown,50,14778,29853,28763,Incomplete_Greedy_Simple,20995,0.0,0,false,-1,-1.0
00Uncorrelated_n00050_R01000_s000,facile,Unknown,50,14778,29853,28763,Incomplete_Greedy_Random_k3,20760,6.037712097167969,0,false,-1,-1.0
00Uncorrelated_n00050_R01000_s000,facile,Unknown,50,14778,29853,28763,Incomplete_Greedy_Probabilistic_alpha0.9,18220,4.71806526184082,0,false,-1,-1.0
00Uncorrelated_n00050_R01000_s000,facile,Unknown,50,14778,29853,28763,Incomplete_SimulatedAnnealing,20995,644.3169116973877,11212,false,-1,-1.0
00Uncorrelated_n00050_R01000_s000,facile,Unknown,50,14778,29853,28763,Incomplete_TabuSearch,20995,2777.3590087890625,1000,false,-1,-1.0
00Uncorrelated_n00050_R01000_s001,facile,Unknown,50,13598,27468,23823,Complete_MIP_ORTools,19836,13.662099838256836,0,true,-1,-1.0
00Uncorrelated_n00050_R01000_s001,facile,Unknown,50,13598,27468,23823,Complete_MIP_PuLP,19836,64.81170654296875,-1,true,-1,-1.0
00Uncorrelated_n00050_R01000_s001,facile,Unknown,50,13598,27468,23823,Incomplete_Greedy_Simple,19836,0.0,0,false,-1,-1.0
00Uncorrelated_n00050_R01000_s001,facile,Unknown,50,13598,27468,23823,Incomplete_Greedy_Random_k3,19433,3.8313865661621094,0,false,-1,-1.0
00Uncorrelated_n00050_R01000_s001,facile,Unknown,50,13598,27468,23823,Incomplete_Greedy_Probabilistic_alpha0.9,17528,3.5343170166015625,0,false,-1,-1.0
00Uncorrelated_n00050_R01000_s001,facile,Unknown,50,13598,27468,23823,Incomplete_SimulatedAnnealing,19836,642.5843238830566,10592,false,-1,-1.0
00Uncorrelated_n00050_R01000_s001,facile,Unknown,50,13598,27468,23823,Incomplete_TabuSearch,19836,2148.134708404541,1000,false,-1,-1.0
01WeaklyCorrelated_n00050_R01000_s000,facile,Unknown,50,14239,28763,29802,Complete_MIP_ORTools,15768,569.0760612487793,78,true,-1,-1.0
01WeaklyCorrelated_n00050_R01000_s000,facile,Unknown,50,14239,28763,29802,Complete_MIP_PuLP,15768,300.20833015441895,-1,true,-1,-1.0
01WeaklyCorrelated_n00050_R01000_s000,facile,Unknown,50,14239,28763,29802,Incomplete_Greedy_Simple,15712,0.0,0,false,-1,-1.0
01WeaklyCorrelated_n00050_R01000_s000,facile,Unknown,50,14239,28763,29802,Incomplete_Greedy_Random_k3,15717,4.065275192260742,0,false,-1,-1.0
01WeaklyCorrelated_n00050_R01000_s000,facile,Unknown,50,14239,28763,29802,Incomplete_Greedy_Probabilistic_alpha0.9,14727,3.992795944213867,0,false,-1,-1.0
01WeaklyCorrelated_n00050_R01000_s000,facile,Unknown,50,14239,28763,29802,Incomplete_SimulatedAnnealing,15712,705.8987617492676,11481,false,-1,-1.0
01WeaklyCorrelated_n00050_R01000_s000,facile,Unknown,50,14239,28763,29802,Incomplete_TabuSearch,15723,1921.7517375946045,1000,false,-1,-1.0
02StronglyCorrelated_n00050_R01000_s000,facile,Unknown,50,14239,28763,33763,Complete_MIP_ORTools,17539,108.62469673156738,0,true,-1,-1.0
02StronglyCorrelated_n00050_R01000_s000,facile,Unknown,50,14239,28763,33763,Complete_MIP_PuLP,17539,111.52005195617676,-1,true,-1,-1.0
02StronglyCorrelated_n00050_R01000_s000,facile,Unknown,50,14239,28763,33763,Incomplete_Greedy_Simple,17176,1.0161399841308594,0,false,-1,-1.0
02StronglyCorrelated_n00050_R01000_s000,facile,Unknown,50,14239,28763,33763,Incomplete_Greedy_Random_k3,17178,1.501321792602539,0,false,-1,-1.0
02StronglyCorrelated_n00050_R01000_s000,facile,Unknown,50,14239,28763,33763,Incomplete_Greedy_Probabilistic_alpha0.9,16794,2.995729446411133,0,false,-1,-1.0
02StronglyCorrelated_n00050_R01000_s000,facile,Unknown,50,14239,28763,33763,Incomplete_SimulatedAnnealing,17527,486.9663715362549,9748,false,-1,-1.0
02StronglyCorrelated_n00050_R01000_s000,facile,Unknown,50,14239,28763,33763,Incomplete_TabuSearch,17235,1597.0628261566162,1000,false,-1,-1.0
03InverseStronglyCorrelated_n00050_R01000_s000,facile,Unknown,50,16714,33763,28763,Complete_MIP_ORTools,14914,48.14791679382324,0,true,-1,-1.0
03InverseStronglyCorrelated_n00050_R01000_s000,facile,Unknown,50,16714,33763,28763,Complete_MIP_PuLP,14914,114.01033401489258,-1,true,-1,-1.0
03InverseStronglyCorrelated_n00050_R01000_s000,facile,Unknown,50,16714,33763,28763,Incomplete_Greedy_Simple,14902,0.0,0,false,-1,-1.0
03InverseStronglyCorrelated_n00050_R01000_s000,facile,Unknown,50,16714,33763,28763,Incomplete_Greedy_Random_k3,14902,1.9927024841308594,0,false,-1,-1.0
03InverseStronglyCorrelated_n00050_R01000_s000,facile,Unknown,50,16714,33763,28763,Incomplete_Greedy_Probabilistic_alpha0.9,14000,1.9946098327636719,0,false,-1,-1.0
03InverseStronglyCorrelated_n00050_R01000_s000,facile,Unknown,50,16714,33763,28763,Incomplete_SimulatedAnnealing,14902,489.1514778137207,12322,false,-1,-1.0
03InverseStronglyCorrelated_n00050_R01000_s000,facile,Unknown,50,16714,33763,28763,Incomplete_TabuSearch,14914,1264.3725872039795,1000,false,-1,-1.0
04AlmostStronglyCorrelated_n00050_R01000_s000,facile,Unknown,50,14239,28763,33785,Complete_MIP_ORTools,17556,117.63381958007812,17,true,-1,-1.0
04AlmostStronglyCorrelated_n00050_R01000_s000,facile,Unknown,50,14239,28763,33785,Complete_MIP_PuLP,17556,178.9703369140625,-1,true,-1,-1.0
04AlmostStronglyCorrelated_n00050_R01000_s000,facile,Unknown,50,14239,28763,33785,Incomplete_Greedy_Simple,17188,0.0,0,false,-1,-1.0
04AlmostStronglyCorrelated_n00050_R01000_s000,facile,Unknown,50,14239,28763,33785,Incomplete_Greedy_Random_k3,17189,2.0782947540283203,0,false,-1,-1.0
04AlmostStronglyCorrelated_n00050_R01000_s000,facile,Unknown,50,14239,28763,33785,Incomplete_Greedy_Probabilistic_alpha0.9,16803,1.0051727294921875,0,false,-1,-1.0
04AlmostStronglyCorrelated_n00050_R01000_s000,facile,Unknown,50,14239,28763,33785,Incomplete_SimulatedAnnealing,17541,500.4253387451172,10157,false,-1,-1.0
04AlmostStronglyCorrelated_n00050_R01000_s000,facile,Unknown,50,14239,28763,33785,Incomplete_TabuSearch,17246,1569.3631172180176,1000,false,-1,-1.0
05SubsetSum_n00050_R01000_s000,facile,Unknown,50,14239,28763,28763,Complete_MIP_ORTools,14239,7.207393646240234,0,true,-1,-1.0
05SubsetSum_n00050_R01000_s000,facile,Unknown,50,14239,28763,28763,Complete_MIP_PuLP,14239,59.366703033447266,-1,true,-1,-1.0
05SubsetSum_n00050_R01000_s000,facile,Unknown,50,14239,28763,28763,Incomplete_Greedy_Simple,14235,0.0,0,false,-1,-1.0
05SubsetSum_n00050_R01000_s000,facile,Unknown,50,14239,28763,28763,Incomplete_Greedy_Random_k3,14125,1.1150836944580078,0,false,-1,-1.0
05SubsetSum_n00050_R01000_s000,facile,Unknown,50,14239,28763,28763,Incomplete_Greedy_Probabilistic_alpha0.9,14067,1.0285377502441406,0,false,-1,-1.0
05SubsetSum_n00050_R01000_s000,facile,Unknown,50,14239,28763,28763,Incomplete_SimulatedAnnealing,14239,720.0767993927002,11701,false,-1,-1.0
05SubsetSum_n00050_R01000_s000,facile,Unknown,50,14239,28763,28763,Incomplete_TabuSearch,14239,1399.8363018035889,1000,false,-1,-1.0
06UncorrelatedWithSimilarWeights_n00050_R01000_s000,facile,Unknown,50,2476727,5002990,28763,Complete_MIP_ORTools,19676,25.176525115966797,0,true,-1,-1.0
06UncorrelatedWithSimilarWeights_n00050_R01000_s000,facile,Unknown,50,2476727,5002990,28763,Complete_MIP_PuLP,19676,78.5219669342041,-1,true,-1,-1.0
06UncorrelatedWithSimilarWeights_n00050_R01000_s000,facile,Unknown,50,2476727,5002990,28763,Incomplete_Greedy_Simple,19676,0.0,0,false,-1,-1.0
06UncorrelatedWithSimilarWeights_n00050_R01000_s000,facile,Unknown,50,2476727,5002990,28763,Incomplete_Greedy_Random_k3,19641,2.1190643310546875,0,false,-1,-1.0
06UncorrelatedWithSimilarWeights_n00050_R01000_s000,facile,Unknown,50,2476727,5002990,28763,Incomplete_Greedy_Probabilistic_alpha0.9,14221,1.1818408966064453,0,false,-1,-1.0
06UncorrelatedWithSimilarWeights_n00050_R01000_s000,facile,Unknown,50,2476727,5002990,28763,Incomplete_SimulatedAnnealing,19676,602.6153564453125,12288,false,-1,-1.0
06UncorrelatedWithSimilarWeights_n00050_R01000_s000,facile,Unknown,50,2476727,5002990,28763,Incomplete_TabuSearch,19676,1856.03928565979,1000,false,-1,-1.0
07SpannerUncorrelated_n00050_R01000_s000,facile,Unknown,50,4569,9231,23148,Complete_MIP_ORTools,13472,275.1145362854004,86,true,-1,-1.0
07SpannerUncorrelated_n00050_R01000_s000,facile,Unknown,50,4569,9231,23148,Complete_MIP_PuLP,13472,392.7445411682129,-1,true,-1,-1.0
07SpannerUncorrelated_n00050_R01000_s000,facile,Unknown,50,4569,9231,23148,Complete_DP,13472,672.2619533538818,228450,true,-1,-1.0
07SpannerUncorrelated_n00050_R01000_s000,facile,Unknown,50,4569,9231,23148,Incomplete_Greedy_Simple,13404,1.0056495666503906,0,false,-1,-1.0
07SpannerUncorrelated_n00050_R01000_s000,facile,Unknown,50,4569,9231,23148,Incomplete_Greedy_Random_k3,13404,1.194000244140625,0,false,-1,-1.0
07SpannerUncorrelated_n00050_R01000_s000,facile,Unknown,50,4569,9231,23148,Incomplete_Greedy_Probabilistic_alpha0.9,11732,2.8467178344726562,0,false,-1,-1.0
07SpannerUncorrelated_n00050_R01000_s000,facile,Unknown,50,4569,9231,23148,Incomplete_SimulatedAnnealing,13412,575.8793354034424,11760,false,-1,-1.0
07SpannerUncorrelated_n00050_R01000_s000,facile,Unknown,50,4569,9231,23148,Incomplete_TabuSearch,13472,1614.0873432159424,1000,false,-1,-1.0
08SpannerWeaklyCorrelated_n00050_R01000_s000,facile,Unknown,50,11459,23148,17922,Complete_MIP_ORTools,10354,59.29064750671387,50,true,-1,-1.0
08SpannerWeaklyCorrelated_n00050_R01000_s000,facile,Unknown,50,11459,23148,17922,Complete_MIP_PuLP,10354,157.5632095336914,-1,true,-1,-1.0
08SpannerWeaklyCorrelated_n00050_R01000_s000,facile,Unknown,50,11459,23148,17922,Incomplete_Greedy_Simple,10354,0.0,0,false,-1,-1.0
08SpannerWeaklyCorrelated_n00050_R01000_s000,facile,Unknown,50,11459,23148,17922,Incomplete_Greedy_Random_k3,10354,0.0,0,false,-1,-1.0
08SpannerWeaklyCorrelated_n00050_R01000_s000,facile,Unknown,50,11459,23148,17922,Incomplete_Greedy_Probabilistic_alpha0.9,8771,0.0,0,false,-1,-1.0
08SpannerWeaklyCorrelated_n00050_R01000_s000,facile,Unknown,50,11459,23148,17922,Incomplete_SimulatedAnnealing,10354,557.4948787689209,12191,false,-1,-1.0
08SpannerWeaklyCorrelated_n00050_R01000_s000,facile,Unknown,50,11459,23148,17922,Incomplete_TabuSearch,10354,1925.8809089660645,1000,false,-1,-1.0
00Uncorrelated_n00100_R01000_s000,moyen,Unknown,100,22545,45542,58616,Complete_MIP_ORTools,46537,111.59181594848633,2,true,-1,-1.0
00Uncorrelated_n00100_R01000_s000,moyen,Unknown,100,22545,45542,58616,Complete_MIP_PuLP,46537,151.26466751098633,-1,true,-1,-1.0
00Uncorrelated_n00100_R01000_s000,moyen,Unknown,100,22545,45542,58616,Incomplete_Greedy_Simple,46365,0.0,0,false,-1,-1.0
00Uncorrelated_n00100_R01000_s000,moyen,Unknown,100,22545,45542,58616,Incomplete_Greedy_Random_k3,46447,13.449430465698242,0,false,-1,-1.0
00Uncorrelated_n00100_R01000_s000,moyen,Unknown,100,22545,45542,58616,Incomplete_Greedy_Probabilistic_alpha0.9,40584,14.564037322998047,0,false,-1,-1.0
00Uncorrelated_n00100_R01000_s000,moyen,Unknown,100,22545,45542,58616,Incomplete_SimulatedAnnealing,46386,1294.0888404846191,10497,false,-1,-1.0
00Uncorrelated_n00100_R01000_s000,moyen,Unknown,100,22545,45542,58616,Incomplete_GeneticAlgorithm,43158,1237.3135089874268,5000,false,-1,-1.0
00Uncorrelated_n00100_R01000_s000,moyen,Unknown,100,22545,45542,58616,Incomplete_TabuSearch,46394,8220.534801483154,1000,false,-1,-1.0
00Uncorrelated_n00100_R01000_s001,moyen,Unknown,100,22714,45884,51291,Complete_MIP_ORTools,41049,21.17156982421875,0,true,-1,-1.0
00Uncorrelated_n00100_R01000_s001,moyen,Unknown,100,22714,45884,51291,Complete_MIP_PuLP,41049,90.46220779418945,-1,true,-1,-1.0
00Uncorrelated_n00100_R01000_s001,moyen,Unknown,100,22714,45884,51291,Incomplete_Greedy_Simple,41049,0.9977817535400391,0,false,-1,-1.0
00Uncorrelated_n00100_R01000_s001,moyen,Unknown,100,22714,45884,51291,Incomplete_Greedy_Random_k3,40787,13.279438018798828,0,false,-1,-1.0
00Uncorrelated_n00100_R01000_s001,moyen,Unknown,100,22714,45884,51291,Incomplete_Greedy_Probabilistic_alpha0.9,33508,7.374286651611328,0,false,-1,-1.0
00Uncorrelated_n00100_R01000_s001,moyen,Unknown,100,22714,45884,51291,Incomplete_SimulatedAnnealing,41049,2041.1779880523682,10344,false,-1,-1.0
00Uncorrelated_n00100_R01000_s001,moyen,Unknown,100,22714,45884,51291,Incomplete_GeneticAlgorithm,38834,1201.4946937561035,5000,false,-1,-1.0
00Uncorrelated_n00100_R01000_s001,moyen,Unknown,100,22714,45884,51291,Incomplete_TabuSearch,41049,10017.505884170532,1000,false,-1,-1.0
01WeaklyCorrelated_n00100_R01000_s000,moyen,Unknown,100,29017,58616,57855,Complete_MIP_ORTools,31064,135.33544540405273,14,true,-1,-1.0
01WeaklyCorrelated_n00100_R01000_s000,moyen,Unknown,100,29017,58616,57855,Complete_MIP_PuLP,31064,153.39970588684082,-1,true,-1,-1.0
01WeaklyCorrelated_n00100_R01000_s000,moyen,Unknown,100,29017,58616,57855,Incomplete_Greedy_Simple,31012,0.0,0,false,-1,-1.0
01WeaklyCorrelated_n00100_R01000_s000,moyen,Unknown,100,29017,58616,57855,Incomplete_Greedy_Random_k3,30996,4.985570907592773,0,false,-1,-1.0
01WeaklyCorrelated_n00100_R01000_s000,moyen,Unknown,100,29017,58616,57855,Incomplete_Greedy_Probabilistic_alpha0.9,29040,11.546850204467773,0,false,-1,-1.0
01WeaklyCorrelated_n00100_R01000_s000,moyen,Unknown,100,29017,58616,57855,Incomplete_SimulatedAnnealing,31012,1851.853370666504,12213,false,-1,-1.0
01WeaklyCorrelated_n00100_R01000_s000,moyen,Unknown,100,29017,58616,57855,Incomplete_GeneticAlgorithm,29937,1310.1298809051514,5000,false,-1,-1.0
01WeaklyCorrelated_n00100_R01000_s000,moyen,Unknown,100,29017,58616,57855,Incomplete_TabuSearch,31059,9174.840927124023,1000,false,-1,-1.0
01WeaklyCorrelated_n00100_R01000_s001,moyen,Unknown,100,25391,51291,50836,Complete_MIP_ORTools,27624,66.90835952758789,0,true,-1,-1.0
01WeaklyCorrelated_n00100_R01000_s001,moyen,Unknown,100,25391,51291,50836,Complete_MIP_PuLP,27624,141.0508155822754,-1,true,-1,-1.0
01WeaklyCorrelated_n00100_R01000_s001,moyen,Unknown,100,25391,51291,50836,Incomplete_Greedy_Simple,27565,0.9922981262207031,0,false,-1,-1.0
01WeaklyCorrelated_n00100_R01000_s001,moyen,Unknown,100,25391,51291,50836,Incomplete_Greedy_Random_k3,27552,12.972354888916016,0,false,-1,-1.0
01WeaklyCorrelated_n00100_R01000_s001,moyen,Unknown,100,25391,51291,50836,Incomplete_Greedy_Probabilistic_alpha0.9,25427,16.378164291381836,0,false,-1,-1.0
01WeaklyCorrelated_n00100_R01000_s001,moyen,Unknown,100,25391,51291,50836,Incomplete_SimulatedAnnealing,27565,1362.0240688323975,11272,false,-1,-1.0
01WeaklyCorrelated_n00100_R01000_s001,moyen,Unknown,100,25391,51291,50836,Incomplete_GeneticAlgorithm,26203,770.4145908355713,5000,false,-1,-1.0
01WeaklyCorrelated_n00100_R01000_s001,moyen,Unknown,100,25391,51291,50836,Incomplete_TabuSearch,27565,7788.250207901001,1000,false,-1,-1.0
02StronglyCorrelated_n00100_R01000_s000,moyen,Unknown,100,29017,58616,68616,Complete_MIP_ORTools,35617,79.07342910766602,45,true,-1,-1.0
02StronglyCorrelated_n00100_R01000_s000,moyen,Unknown,100,29017,58616,68616,Complete_MIP_PuLP,35617,110.07094383239746,-1,true,-1,-1.0
02StronglyCorrelated_n00100_R01000_s000,moyen,Unknown,100,29017,58616,68616,Incomplete_Greedy_Simple,35372,0.0,0,false,-1,-1.0
02StronglyCorrelated_n00100_R01000_s000,moyen,Unknown,100,29017,58616,68616,Incomplete_Greedy_Random_k3,35374,9.038448333740234,0,false,-1,-1.0
02StronglyCorrelated_n00100_R01000_s000,moyen,Unknown,100,29017,58616,68616,Incomplete_Greedy_Probabilistic_alpha0.9,34400,11.452198028564453,0,false,-1,-1.0
02StronglyCorrelated_n00100_R01000_s000,moyen,Unknown,100,29017,58616,68616,Incomplete_SimulatedAnnealing,35598,913.0489826202393,10388,false,-1,-1.0
02StronglyCorrelated_n00100_R01000_s000,moyen,Unknown,100,29017,58616,68616,Incomplete_GeneticAlgorithm,34598,638.577938079834,5000,false,-1,-1.0
02StronglyCorrelated_n00100_R01000_s000,moyen,Unknown,100,29017,58616,68616,Incomplete_TabuSearch,35411,6536.767244338989,1000,false,-1,-1.0
03InverseStronglyCorrelated_n00100_R01000_s000,moyen,Unknown,100,33968,68616,58616,Complete_MIP_ORTools,30467,51.435232162475586,32,true,-1,-1.0
03InverseStronglyCorrelated_n00100_R01000_s000,moyen,Unknown,100,33968,68616,58616,Complete_MIP_PuLP,30468,205.96551895141602,-1,true,-1,-1.0
03InverseStronglyCorrelated_n00100_R01000_s000,moyen,Unknown,100,33968,68616,58616,Incomplete_Greedy_Simple,30463,0.0,0,false,-1,-1.0
03InverseStronglyCorrelated_n00100_R01000_s000,moyen,Unknown,100,33968,68616,58616,Incomplete_Greedy_Random_k3,30429,4.018306732177734,0,false,-1,-1.0
03InverseStronglyCorrelated_n00100_R01000_s000,moyen,Unknown,100,33968,68616,58616,Incomplete_Greedy_Probabilistic_alpha0.9,28821,5.736589431762695,0,false,-1,-1.0
03InverseStronglyCorrelated_n00100_R01000_s000,moyen,Unknown,100,33968,68616,58616,Incomplete_SimulatedAnnealing,30463,923.3810901641846,12366,false,-1,-1.0
03InverseStronglyCorrelated_n00100_R01000_s000,moyen,Unknown,100,33968,68616,58616,Incomplete_GeneticAlgorithm,29994,564.4416809082031,5000,false,-1,-1.0
03InverseStronglyCorrelated_n00100_R01000_s000,moyen,Unknown,100,33968,68616,58616,Incomplete_TabuSearch,30463,8623.314142227173,1000,false,-1,-1.0
04AlmostStronglyCorrelated_n00100_R01000_s000,moyen,Unknown,100,29017,58616,68596,Complete_MIP_ORTools,35611,161.30709648132324,0,true,-1,-1.0
04AlmostStronglyCorrelated_n00100_R01000_s000,moyen,Unknown,100,29017,58616,68596,Complete_MIP_PuLP,35611,592.642068862915,-1,true,-1,-1.0
04AlmostStronglyCorrelated_n00100_R01000_s000,moyen,Unknown,100,29017,58616,68596,Incomplete_Greedy_Simple,35363,0.9965896606445312,0,false,-1,-1.0
04AlmostStronglyCorrelated_n00100_R01000_s000,moyen,Unknown,100,29017,58616,68596,Incomplete_Greedy_Random_k3,35359,11.544227600097656,0,false,-1,-1.0
04AlmostStronglyCorrelated_n00100_R01000_s000,moyen,Unknown,100,29017,58616,68596,Incomplete_Greedy_Probabilistic_alpha0.9,34389,13.185739517211914,0,false,-1,-1.0
04AlmostStronglyCorrelated_n00100_R01000_s000,moyen,Unknown,100,29017,58616,68596,Incomplete_SimulatedAnnealing,35588,1379.255771636963,11318,false,-1,-1.0
04AlmostStronglyCorrelated_n00100_R01000_s000,moyen,Unknown,100,29017,58616,68596,Incomplete_GeneticAlgorithm,34410,1194.7004795074463,5000,false,-1,-1.0
04AlmostStronglyCorrelated_n00100_R01000_s000,moyen,Unknown,100,29017,58616,68596,Incomplete_TabuSearch,35394,9237.109661102295,1000,false,-1,-1.0
05SubsetSum_n00100_R01000_s000,moyen,Unknown,100,29017,58616,58616,Complete_MIP_ORTools,29015,157.64307975769043,17,true,-1,-1.0
05SubsetSum_n00100_R01000_s000,moyen,Unknown,100,29017,58616,58616,Complete_MIP_PuLP,29017,91.35150909423828,-1,true,-1,-1.0
05SubsetSum_n00100_R01000_s000,moyen,Unknown,100,29017,58616,58616,Incomplete_Greedy_Simple,28954,0.0,0,false,-1,-1.0
05SubsetSum_n00100_R01000_s000,moyen,Unknown,100,29017,58616,58616,Incomplete_Greedy_Random_k3,28972,7.11822509765625,0,false,-1,-1.0
05SubsetSum_n00100_R01000_s000,moyen,Unknown,100,29017,58616,58616,Incomplete_Greedy_Probabilistic_alpha0.9,29008,11.005878448486328,0,false,-1,-1.0
05SubsetSum_n00100_R01000_s000,moyen,Unknown,100,29017,58616,58616,Incomplete_SimulatedAnnealing,29017,929.9330711364746,11768,false,-1,-1.0
05SubsetSum_n00100_R01000_s000,moyen,Unknown,100,29017,58616,58616,Incomplete_GeneticAlgorithm,29017,620.6796169281006,5000,false,-1,-1.0
05SubsetSum_n00100_R01000_s000,moyen,Unknown,100,29017,58616,58616,Incomplete_TabuSearch,29017,6169.111728668213,1000,false,-1,-1.0
06UncorrelatedWithSimilarWeights_n00100_R01000_s000,moyen,Unknown,100,4952745,10004545,58616,Complete_MIP_ORTools,39791,95.84879875183105,50,true,-1,-1.0
06UncorrelatedWithSimilarWeights_n00100_R01000_s000,moyen,Unknown,100,4952745,10004545,58616,Complete_MIP_PuLP,39791,184.60845947265625,-1,true,-1,-1.0
06UncorrelatedWithSimilarWeights_n00100_R01000_s000,moyen,Unknown,100,4952745,10004545,58616,Incomplete_Greedy_Simple,39791,1.0666847229003906,0,false,-1,-1.0
06UncorrelatedWithSimilarWeights_n00100_R01000_s000,moyen,Unknown,100,4952745,10004545,58616,Incomplete_Greedy_Random_k3,39784,10.85209846496582,0,false,-1,-1.0
06UncorrelatedWithSimilarWeights_n00100_R01000_s000,moyen,Unknown,100,4952745,10004545,58616,Incomplete_Greedy_Probabilistic_alpha0.9,31537,11.615276336669922,0,false,-1,-1.0
06UncorrelatedWithSimilarWeights_n00100_R01000_s000,moyen,Unknown,100,4952745,10004545,58616,Incomplete_SimulatedAnnealing,39791,959.723949432373,12299,false,-1,-1.0
06UncorrelatedWithSimilarWeights_n00100_R01000_s000,moyen,Unknown,100,4952745,10004545,58616,Incomplete_GeneticAlgorithm,38901,682.2271347045898,5000,false,-1,-1.0
06UncorrelatedWithSimilarWeights_n00100_R01000_s000,moyen,Unknown,100,4952745,10004545,58616,Incomplete_TabuSearch,39791,7861.743211746216,1000,false,-1,-1.0
07SpannerUncorrelated_n00100_R01000_s000,moyen,Unknown,100,8751,17678,42088,Complete_MIP_ORTools,24228,55.45449256896973,50,true,-1,-1.0
07SpannerUncorrelated_n00100_R01000_s000,moyen,Unknown,100,8751,17678,42088,Complete_MIP_PuLP,24228,219.3892002105713,-1,true,-1,-1.0
07SpannerUncorrelated_n00100_R01000_s000,moyen,Unknown,100,8751,17678,42088,Complete_DP,24228,2559.648036956787,875100,true,-1,-1.0
07SpannerUncorrelated_n00100_R01000_s000,moyen,Unknown,100,8751,17678,42088,Incomplete_Greedy_Simple,24228,0.9970664978027344,0,false,-1,-1.0
07SpannerUncorrelated_n00100_R01000_s000,moyen,Unknown,100,8751,17678,42088,Incomplete_Greedy_Random_k3,24228,23.45895767211914,0,false,-1,-1.0
07SpannerUncorrelated_n00100_R01000_s000,moyen,Unknown,100,8751,17678,42088,Incomplete_Greedy_Probabilistic_alpha0.9,21772,14.410018920898438,0,false,-1,-1.0
07SpannerUncorrelated_n00100_R01000_s000,moyen,Unknown,100,8751,17678,42088,Incomplete_SimulatedAnnealing,24228,1422.6460456848145,10362,false,-1,-1.0
07SpannerUncorrelated_n00100_R01000_s000,moyen,Unknown,100,8751,17678,42088,Incomplete_GeneticAlgorithm,23332,1220.6909656524658,5000,false,-1,-1.0
07SpannerUncorrelated_n00100_R01000_s000,moyen,Unknown,100,8751,17678,42088,Incomplete_TabuSearch,24228,10533.483505249023,1000,false,-1,-1.0
00Uncorrelated_n01000_R01000_s000,difficile,Unknown,1000,252480,510010,496865,Complete_MIP_ORTools,400809,152.24862098693848,0,true,-1,-1.0
00Uncorrelated_n01000_R01000_s000,difficile,Unknown,1000,252480,510010,496865,Incomplete_Greedy_Simple,400792,3.2181739807128906,0,false,-1,-1.0
00Uncorrelated_n01000_R01000_s000,difficile,Unknown,1000,252480,510010,496865,Incomplete_Greedy_Random_k3,400718,891.9899463653564,0,false,-1,-1.0
00Uncorrelated_n01000_R01000_s000,difficile,Unknown,1000,252480,510010,496865,Incomplete_Greedy_Probabilistic_alpha0.9,341985,1345.719814300537,0,false,-1,-1.0
00Uncorrelated_n01000_R01000_s000,difficile,Unknown,1000,252480,510010,496865,Incomplete_SimulatedAnnealing,400792,6924.95059967041,11395,false,-1,-1.0
00Uncorrelated_n01000_R01000_s000,difficile,Unknown,1000,252480,510010,496865,Incomplete_GeneticAlgorithm,292831,6195.1258182525635,5000,false,-1,-1.0
00Uncorrelated_n01000_R01000_s000,difficile,Unknown,1000,252480,510010,496865,Incomplete_TabuSearch,400798,300038.357257843,536,false,-1,-1.0
00Uncorrelated_n01000_R01000_s001,difficile,Unknown,1000,243069,491001,514650,Complete_MIP_ORTools,418472,146.8636989593506,0,true,-1,-1.0
00Uncorrelated_n01000_R01000_s001,difficile,Unknown,1000,243069,491001,514650,Incomplete_Greedy_Simple,418452,2.0105838775634766,0,false,-1,-1.0
00Uncorrelated_n01000_R01000_s001,difficile,Unknown,1000,243069,491001,514650,Incomplete_Greedy_Random_k3,418426,503.4065246582031,0,false,-1,-1.0
00Uncorrelated_n01000_R01000_s001,difficile,Unknown,1000,243069,491001,514650,Incomplete_Greedy_Probabilistic_alpha0.9,362135,575.1633644104004,0,false,-1,-1.0
00Uncorrelated_n01000_R01000_s001,difficile,Unknown,1000,243069,491001,514650,Incomplete_SimulatedAnnealing,418452,4506.673574447632,10529,false,-1,-1.0
00Uncorrelated_n01000_R01000_s001,difficile,Unknown,1000,243069,491001,514650,Incomplete_GeneticAlgorithm,299777,5379.420042037964,5000,false,-1,-1.0
00Uncorrelated_n01000_R01000_s001,difficile,Unknown,1000,243069,491001,514650,Incomplete_TabuSearch,418452,300480.45015335083,496,false,-1,-1.0
01WeaklyCorrelated_n01000_R01000_s000,difficile,Unknown,1000,245972,496865,502012,Complete_MIP_ORTools,273036,98.77872467041016,0,true,-1,-1.0
01WeaklyCorrelated_n01000_R01000_s000,difficile,Unknown,1000,245972,496865,502012,Incomplete_Greedy_Simple,273044,3.431081771850586,0,false,-1,-1.0
01WeaklyCorrelated_n01000_R01000_s000,difficile,Unknown,1000,245972,496865,502012,Incomplete_Greedy_Random_k3,273037,756.1328411102295,0,false,-1,-1.0
01WeaklyCorrelated_n01000_R01000_s000,difficile,Unknown,1000,245972,496865,502012,Incomplete_Greedy_Probabilistic_alpha0.9,253289,752.3081302642822,0,false,-1,-1.0
01WeaklyCorrelated_n01000_R01000_s000,difficile,Unknown,1000,245972,496865,502012,Incomplete_SimulatedAnnealing,273044,5451.366662979126,11816,false,-1,-1.0
01WeaklyCorrelated_n01000_R01000_s000,difficile,Unknown,1000,245972,496865,502012,Incomplete_GeneticAlgorithm,252945,5823.805093765259,5000,false,-1,-1.0
01WeaklyCorrelated_n01000_R01000_s000,difficile,Unknown,1000,245972,496865,502012,Incomplete_TabuSearch,273044,300607.314825058,513,false,-1,-1.0
02StronglyCorrelated_n01000_R01000_s000,difficile,Unknown,1000,245972,496865,596865,Complete_MIP_ORTools,316372,182.7106475830078,0,true,-1,-1.0
02StronglyCorrelated_n01000_R01000_s000,difficile,Unknown,1000,245972,496865,596865,Incomplete_Greedy_Simple,316236,12.539863586425781,0,false,-1,-1.0
02StronglyCorrelated_n01000_R01000_s000,difficile,Unknown,1000,245972,496865,596865,Incomplete_Greedy_Random_k3,316236,956.5160274505615,0,false,-1,-1.0
02StronglyCorrelated_n01000_R01000_s000,difficile,Unknown,1000,245972,496865,596865,Incomplete_Greedy_Probabilistic_alpha0.9,301653,831.2642574310303,0,false,-1,-1.0
02StronglyCorrelated_n01000_R01000_s000,difficile,Unknown,1000,245972,496865,596865,Incomplete_SimulatedAnnealing,316236,6192.277193069458,10322,false,-1,-1.0
02StronglyCorrelated_n01000_R01000_s000,difficile,Unknown,1000,245972,496865,596865,Incomplete_GeneticAlgorithm,297443,7827.646017074585,5000,false,-1,-1.0
02StronglyCorrelated_n01000_R01000_s000,difficile,Unknown,1000,245972,496865,596865,Incomplete_TabuSearch,316236,300485.7211112976,457,false,-1,-1.0
03InverseStronglyCorrelated_n01000_R01000_s000,difficile,Unknown,1000,295477,596865,496865,Complete_MIP_ORTools,263977,108.62469673156738,0,true,-1,-1.0
03InverseStronglyCorrelated_n01000_R01000_s000,difficile,Unknown,1000,295477,596865,496865,Incomplete_Greedy_Simple,263976,1.5091896057128906,0,false,-1,-1.0
03InverseStronglyCorrelated_n01000_R01000_s000,difficile,Unknown,1000,295477,596865,496865,Incomplete_Greedy_Random_k3,263975,359.67183113098145,0,false,-1,-1.0
03InverseStronglyCorrelated_n01000_R01000_s000,difficile,Unknown,1000,295477,596865,496865,Incomplete_Greedy_Probabilistic_alpha0.9,248848,597.2752571105957,0,false,-1,-1.0
03InverseStronglyCorrelated_n01000_R01000_s000,difficile,Unknown,1000,295477,596865,496865,Incomplete_SimulatedAnnealing,263976,6624.528169631958,12899,false,-1,-1.0
03InverseStronglyCorrelated_n01000_R01000_s000,difficile,Unknown,1000,295477,596865,496865,Incomplete_GeneticAlgorithm,251257,6365.57936668396,5000,false,-1,-1.0
03InverseStronglyCorrelated_n01000_R01000_s000,difficile,Unknown,1000,295477,596865,496865,Incomplete_TabuSearch,263977,300019.4773674011,605,false,-1,-1.0
04AlmostStronglyCorrelated_n01000_R01000_s000,difficile,Unknown,1000,245972,496865,596913,Complete_MIP_ORTools,316390,605.1552295684814,3,true,-1,-1.0
04AlmostStronglyCorrelated_n01000_R01000_s000,difficile,Unknown,1000,245972,496865,596913,Incomplete_Greedy_Simple,316338,5.317211151123047,0,false,-1,-1.0
04AlmostStronglyCorrelated_n01000_R01000_s000,difficile,Unknown,1000,245972,496865,596913,Incomplete_Greedy_Random_k3,316338,1586.8656635284424,0,false,-1,-1.0
04AlmostStronglyCorrelated_n01000_R01000_s000,difficile,Unknown,1000,245972,496865,596913,Incomplete_Greedy_Probabilistic_alpha0.9,301874,1073.5480785369873,0,false,-1,-1.0
04AlmostStronglyCorrelated_n01000_R01000_s000,difficile,Unknown,1000,245972,496865,596913,Incomplete_SimulatedAnnealing,316338,6082.96537399292,10823,false,-1,-1.0
04AlmostStronglyCorrelated_n01000_R01000_s000,difficile,Unknown,1000,245972,496865,596913,Incomplete_GeneticAlgorithm,297668,7356.66298866272,5000,false,-1,-1.0
04AlmostStronglyCorrelated_n01000_R01000_s000,difficile,Unknown,1000,245972,496865,596913,Incomplete_TabuSearch,316338,300493.7117099762,424,false,-1,-1.0
05SubsetSum_n01000_R01000_s000,difficile,Unknown,1000,245972,496865,496865,Complete_MIP_ORTools,245972,53.41529846191406,0,true,-1,-1.0
05SubsetSum_n01000_R01000_s000,difficile,Unknown,1000,245972,496865,496865,Incomplete_Greedy_Simple,245972,5.185127258300781,0,false,-1,-1.0
05SubsetSum_n01000_R01000_s000,difficile,Unknown,1000,245972,496865,496865,Incomplete_Greedy_Random_k3,245971,346.45676612854004,0,false,-1,-1.0
05SubsetSum_n01000_R01000_s000,difficile,Unknown,1000,245972,496865,496865,Incomplete_Greedy_Probabilistic_alpha0.9,245971,489.49408531188965,0,false,-1,-1.0
05SubsetSum_n01000_R01000_s000,difficile,Unknown,1000,245972,496865,496865,Incomplete_SimulatedAnnealing,245972,5455.8775424957275,11656,false,-1,-1.0
05SubsetSum_n01000_R01000_s000,difficile,Unknown,1000,245972,496865,496865,Incomplete_GeneticAlgorithm,245972,7454.801321029663,5000,false,-1,-1.0
05SubsetSum_n01000_R01000_s000,difficile,Unknown,1000,245972,496865,496865,Incomplete_TabuSearch,245972,300175.8780479431,525,false,-1,-1.0
06UncorrelatedWithSimilarWeights_n01000_R01000_s000,difficile,Unknown,1000,49530184,100050972,496865,Complete_MIP_ORTools,371246,80.77168464660645,0,true,-1,-1.0
06UncorrelatedWithSimilarWeights_n01000_R01000_s000,difficile,Unknown,1000,49530184,100050972,496865,Incomplete_Greedy_Simple,371246,3.938436508178711,0,false,-1,-1.0
06UncorrelatedWithSimilarWeights_n01000_R01000_s000,difficile,Unknown,1000,49530184,100050972,496865,Incomplete_Greedy_Random_k3,371238,665.5657291412354,0,false,-1,-1.0
06UncorrelatedWithSimilarWeights_n01000_R01000_s000,difficile,Unknown,1000,49530184,100050972,496865,Incomplete_Greedy_Probabilistic_alpha0.9,309504,722.3937511444092,0,false,-1,-1.0
06UncorrelatedWithSimilarWeights_n01000_R01000_s000,difficile,Unknown,1000,49530184,100050972,496865,Incomplete_SimulatedAnnealing,371246,7908.63823890686,12341,false,-1,-1.0
06UncorrelatedWithSimilarWeights_n01000_R01000_s000,difficile,Unknown,1000,49530184,100050972,496865,Incomplete_GeneticAlgorithm,286653,6028.236865997314,5000,false,-1,-1.0
06UncorrelatedWithSimilarWeights_n01000_R01000_s000,difficile,Unknown,1000,49530184,100050972,496865,Incomplete_TabuSearch,371246,300196.3846683502,542,false,-1,-1.0
07SpannerUncorrelated_n01000_R01000_s000,difficile,Unknown,1000,84660,171015,401364,Complete_MIP_ORTools,228624,301568.9284801483,22033564,false,-1,-1.0
07SpannerUncorrelated_n01000_R01000_s000,difficile,Unknown,1000,84660,171015,401364,Incomplete_Greedy_Simple,228616,4.818439483642578,0,false,-1,-1.0
07SpannerUncorrelated_n01000_R01000_s000,difficile,Unknown,1000,84660,171015,401364,Incomplete_Greedy_Random_k3,228616,283.08987617492676,0,false,-1,-1.0
07SpannerUncorrelated_n01000_R01000_s000,difficile,Unknown,1000,84660,171015,401364,Incomplete_Greedy_Probabilistic_alpha0.9,201088,252.54058837890625,0,false,-1,-1.0
07SpannerUncorrelated_n01000_R01000_s000,difficile,Unknown,1000,84660,171015,401364,Incomplete_SimulatedAnnealing,228616,2720.0026512145996,11959,false,-1,-1.0
07SpannerUncorrelated_n01000_R01000_s000,difficile,Unknown,1000,84660,171015,401364,Incomplete_GeneticAlgorithm,205260,3187.3512268066406,5000,false,-1,-1.0
07SpannerUncorrelated_n01000_R01000_s000,difficile,Unknown,1000,84660,171015,401364,Incomplete_TabuSearch,228624,300292.87242889404,663,false,-1,-1.0
08SpannerWeaklyCorrelated_n01000_R01000_s000,difficile,Unknown,1000,198695,401364,333768,Complete_MIP_ORTools,196050,302892.6830291748,4273344,false,-1,-1.0
08SpannerWeaklyCorrelated_n01000_R01000_s000,difficile,Unknown,1000,198695,401364,333768,Incomplete_Greedy_Simple,196050,10.572671890258789,0,false,-1,-1.0
08SpannerWeaklyCorrelated_n01000_R01000_s000,difficile,Unknown,1000,198695,401364,333768,Incomplete_Greedy_Random_k3,196050,300.6293773651123,0,false,-1,-1.0
08SpannerWeaklyCorrelated_n01000_R01000_s000,difficile,Unknown,1000,198695,401364,333768,Incomplete_Greedy_Probabilistic_alpha0.9,167923,393.45693588256836,0,false,-1,-1.0
08SpannerWeaklyCorrelated_n01000_R01000_s000,difficile,Unknown,1000,198695,401364,333768,Incomplete_SimulatedAnnealing,196050,5553.873300552368,12771,false,-1,-1.0
08SpannerWeaklyCorrelated_n01000_R01000_s000,difficile,Unknown,1000,198695,401364,333768,Incomplete_GeneticAlgorithm,172491,4186.990737915039,5000,false,-1,-1.0
08SpannerWeaklyCorrelated_n01000_R01000_s000,difficile,Unknown,1000,198695,401364,333768,Incomplete_TabuSearch,196050,300057.61671066284,813,false,-1,-1.0
